<?xml version="1.0" encoding="UTF-8"?>
<con:soapui-project id="2a32b67c-ad70-43f8-b5ab-bc5f9c53e824" activeEnvironment="Default" name="REST Project 1" resourceRoot="" soapui-version="5.5.0" abortOnError="false" runType="SEQUENTIAL" xmlns:con="http://eviware.com/soapui/config"><con:settings/><con:interface xsi:type="con:RestService" id="9a08022e-d8d5-4343-9923-755b332c3097" wadlVersion="http://wadl.dev.java.net/2009/02" name="http://localhost:8084" type="rest" xmlns:xsi="http://www.w3.org/2001/XMLSchema-instance"><con:settings/><con:definitionCache type="TEXT" rootPart=""/><con:endpoints><con:endpoint>http://localhost:8084</con:endpoint></con:endpoints><con:resource name="Mercancia Prueba GetAll" path="/mypetpro/rest/mercancia/getAll" id="76bd2987-0ec9-4f1b-8a66-578dfc558f51"><con:settings/><con:parameters/><con:method name="Mypetpro 1" id="0ec219d0-c012-404a-b509-2cd17be63dee" method="GET"><con:settings/><con:parameters/><con:representation type="RESPONSE"><con:mediaType>application/json</con:mediaType><con:status>200</con:status><con:params/><con:element>Response</con:element></con:representation><con:representation type="REQUEST"><con:mediaType>application/json</con:mediaType><con:params/></con:representation><con:representation type="FAULT"><con:mediaType>text/html;charset=utf-8</con:mediaType><con:status>405 500</con:status><con:params/><con:element>html</con:element></con:representation><con:request name="Request 1" id="713e950e-d9aa-44da-8930-7298b9919e6d" mediaType="application/json" postQueryString="false"><con:settings><con:setting id="com.eviware.soapui.impl.wsdl.WsdlRequest@request-headers">&lt;xml-fragment/></con:setting></con:settings><con:endpoint>http://localhost:8084</con:endpoint><con:request/><con:originalUri>http://localhost/mypetpro/rest/mercancia/getAll</con:originalUri><con:credentials><con:authType>No Authorization</con:authType></con:credentials><con:jmsConfig JMSDeliveryMode="PERSISTENT"/><con:jmsPropertyConfig/><con:parameters/></con:request></con:method></con:resource><con:resource name="Mercancia Prueba Save_insert" path="/mypetpro/rest/mercancia/save" id="690a47b3-465f-4a92-9fe1-f6796d5a0964"><con:settings/><con:parameters><con:parameter><con:name>nombre</con:name><con:value/><con:style>QUERY</con:style><con:default/><con:description xsi:nil="true"/></con:parameter><con:parameter><con:name>existencias</con:name><con:value/><con:style>QUERY</con:style><con:default/><con:description xsi:nil="true"/></con:parameter><con:parameter><con:name>precioCompra</con:name><con:value/><con:style>QUERY</con:style><con:default/><con:description xsi:nil="true"/></con:parameter><con:parameter><con:name>codigoBarras</con:name><con:value/><con:style>QUERY</con:style><con:default/><con:description xsi:nil="true"/></con:parameter><con:parameter><con:name>descripcion</con:name><con:value/><con:style>QUERY</con:style><con:default/><con:description xsi:nil="true"/></con:parameter><con:parameter><con:name>modelo</con:name><con:value/><con:style>QUERY</con:style><con:default/><con:description xsi:nil="true"/></con:parameter><con:parameter><con:name>marca</con:name><con:value/><con:style>QUERY</con:style><con:default/><con:description xsi:nil="true"/></con:parameter><con:parameter><con:name>foto</con:name><con:value/><con:style>QUERY</con:style><con:default/><con:description xsi:nil="true"/></con:parameter></con:parameters><con:method name="Method 1" id="b6d2433d-a8e5-403a-96c1-20f2a09aa30f" method="POST"><con:settings/><con:parameters/><con:representation type="REQUEST"><con:mediaType>application/x-www-form-urlencoded</con:mediaType><con:params/></con:representation><con:representation type="RESPONSE"><con:mediaType>application/json</con:mediaType><con:status>200</con:status><con:params/><con:element xmlns:save="http://localhost/mypetpro/rest/mercancia/save">save:Response</con:element></con:representation><con:request name="Request 1" id="2bab7f67-36bb-4751-a706-f4244fd13056" mediaType="application/x-www-form-urlencoded" postQueryString="true"><con:settings><con:setting id="com.eviware.soapui.impl.wsdl.WsdlRequest@request-headers">&lt;xml-fragment/></con:setting></con:settings><con:endpoint>http://localhost:8084</con:endpoint><con:request/><con:originalUri>http://localhost/mypetpro/rest/mercancia/save</con:originalUri><con:credentials><con:authType>No Authorization</con:authType></con:credentials><con:jmsConfig JMSDeliveryMode="PERSISTENT"/><con:jmsPropertyConfig/><con:parameters>
  <con:entry key="descripcion" value="Collar marca villegas"/>
  <con:entry key="existencias" value="10"/>
  <con:entry key="marca" value="N.A"/>
  <con:entry key="precioCompra" value="200"/>
  <con:entry key="nombre" value="Collar villegas"/>
  <con:entry key="codigoBarras" value="46972"/>
  <con:entry key="modelo" value="N.A"/>
</con:parameters><con:parameterOrder><con:entry>nombre</con:entry><con:entry>existencias</con:entry><con:entry>precioCompra</con:entry><con:entry>codigoBarras</con:entry><con:entry>descripcion</con:entry><con:entry>modelo</con:entry><con:entry>marca</con:entry><con:entry>foto</con:entry></con:parameterOrder></con:request></con:method></con:resource><con:resource name="Mercancia Prueba Save_Modificar" path="/mypetpro/rest/mercancia/save" id="5bbd9c47-f81e-4f7c-b384-c85c371aa5a4"><con:settings/><con:parameters><con:parameter><con:name>idMercancia</con:name><con:value/><con:style>QUERY</con:style><con:default/><con:description xsi:nil="true"/></con:parameter><con:parameter><con:name>idProducto</con:name><con:value/><con:style>QUERY</con:style><con:default/><con:description xsi:nil="true"/></con:parameter><con:parameter><con:name>nombre</con:name><con:value/><con:style>QUERY</con:style><con:default/><con:description xsi:nil="true"/></con:parameter><con:parameter><con:name>existencias</con:name><con:value/><con:style>QUERY</con:style><con:default/><con:description xsi:nil="true"/></con:parameter><con:parameter><con:name>precioCompra</con:name><con:value/><con:style>QUERY</con:style><con:default/><con:description xsi:nil="true"/></con:parameter><con:parameter><con:name>codigoBarras</con:name><con:value/><con:style>QUERY</con:style><con:default/><con:description xsi:nil="true"/></con:parameter><con:parameter><con:name>descripcion</con:name><con:value/><con:style>QUERY</con:style><con:default/><con:description xsi:nil="true"/></con:parameter><con:parameter><con:name>modelo</con:name><con:value/><con:style>QUERY</con:style><con:default/><con:description xsi:nil="true"/></con:parameter><con:parameter><con:name>marca</con:name><con:value/><con:style>QUERY</con:style><con:default/><con:description xsi:nil="true"/></con:parameter></con:parameters><con:method name="Method 1" id="f625c7b5-b8d2-4390-9aff-2750e967a5b5" method="POST"><con:settings/><con:parameters/><con:representation type="FAULT"><con:mediaType>text/html;charset=utf-8</con:mediaType><con:status>404</con:status><con:params/><con:element>html</con:element></con:representation><con:representation type="REQUEST"><con:mediaType>application/x-www-form-urlencoded</con:mediaType><con:params/></con:representation><con:representation type="RESPONSE"><con:mediaType>application/json</con:mediaType><con:status>200</con:status><con:params/><con:element xmlns:upd="http://localhost/mypetpro/rest/mercancia/update">upd:Response</con:element></con:representation><con:representation type="RESPONSE"><con:mediaType xsi:nil="true"/><con:status>0</con:status><con:params/><con:element>data</con:element></con:representation><con:request name="Request 1" id="6370c95a-e064-45c7-89f3-55d714437a15" mediaType="application/x-www-form-urlencoded" postQueryString="true"><con:settings><con:setting id="com.eviware.soapui.impl.wsdl.WsdlRequest@request-headers">&lt;xml-fragment/></con:setting></con:settings><con:endpoint>http://localhost:8084</con:endpoint><con:request/><con:originalUri>http://localhost/mypetpro/rest/mercancia/update</con:originalUri><con:credentials><con:authType>No Authorization</con:authType></con:credentials><con:jmsConfig JMSDeliveryMode="PERSISTENT"/><con:jmsPropertyConfig/><con:parameters>
  <con:entry key="idMercancia" value="2"/>
  <con:entry key="descripcion" value="cambio"/>
  <con:entry key="existencias" value="30"/>
  <con:entry key="marca" value="N/A"/>
  <con:entry key="precioCompra" value="10"/>
  <con:entry key="idProducto" value="2"/>
  <con:entry key="nombre" value="collarsito"/>
  <con:entry key="codigoBarras" value="456789"/>
  <con:entry key="modelo" value="N/A"/>
</con:parameters><con:parameterOrder><con:entry>idMercancia</con:entry><con:entry>idProducto</con:entry><con:entry>nombre</con:entry><con:entry>existencias</con:entry><con:entry>precioCompra</con:entry><con:entry>codigoBarras</con:entry><con:entry>descripcion</con:entry><con:entry>modelo</con:entry><con:entry>marca</con:entry></con:parameterOrder></con:request></con:method></con:resource><con:resource name="Prueba Cliente  save_insert" path="/mypetpro/rest/cliente/save" id="33068675-9de2-4ed6-9ec8-f62ae6b54f9d"><con:settings/><con:parameters><con:parameter><con:name>nombre</con:name><con:value/><con:style>QUERY</con:style><con:default/><con:description xsi:nil="true"/></con:parameter><con:parameter><con:name>apellidoPaterno</con:name><con:value/><con:style>QUERY</con:style><con:default/><con:description xsi:nil="true"/></con:parameter><con:parameter><con:name>apellidoMaterno</con:name><con:value/><con:style>QUERY</con:style><con:default/><con:description xsi:nil="true"/></con:parameter><con:parameter><con:name>fechaNacimiento</con:name><con:value/><con:style>QUERY</con:style><con:default/><con:description xsi:nil="true"/></con:parameter><con:parameter><con:name>calle</con:name><con:value/><con:style>QUERY</con:style><con:default/><con:description xsi:nil="true"/></con:parameter><con:parameter><con:name>numero</con:name><con:value/><con:style>QUERY</con:style><con:default/><con:description xsi:nil="true"/></con:parameter><con:parameter><con:name>colonia</con:name><con:value/><con:style>QUERY</con:style><con:default/><con:description xsi:nil="true"/></con:parameter><con:parameter><con:name>cp</con:name><con:value/><con:style>QUERY</con:style><con:default/><con:description xsi:nil="true"/></con:parameter><con:parameter><con:name>ciudad</con:name><con:value/><con:style>QUERY</con:style><con:default/><con:description xsi:nil="true"/></con:parameter><con:parameter><con:name>estado</con:name><con:value/><con:style>QUERY</con:style><con:default/><con:description xsi:nil="true"/></con:parameter><con:parameter><con:name>tel1</con:name><con:value/><con:style>QUERY</con:style><con:default/><con:description xsi:nil="true"/></con:parameter><con:parameter><con:name>tel2</con:name><con:value/><con:style>QUERY</con:style><con:default/><con:description xsi:nil="true"/></con:parameter><con:parameter><con:name>correo</con:name><con:value/><con:style>QUERY</con:style><con:default/><con:description xsi:nil="true"/></con:parameter><con:parameter><con:name>contrasenia</con:name><con:value/><con:style>QUERY</con:style><con:default/><con:description xsi:nil="true"/></con:parameter></con:parameters><con:method name="Method 1" id="c3d8d8f4-b86d-4489-a0ca-6133e716b940" method="POST"><con:settings/><con:parameters/><con:representation type="REQUEST"><con:mediaType>application/x-www-form-urlencoded</con:mediaType><con:params/></con:representation><con:representation type="FAULT"><con:mediaType>text/html;charset=utf-8</con:mediaType><con:status>500</con:status><con:params/><con:element>html</con:element></con:representation><con:representation type="RESPONSE"><con:mediaType>application/json</con:mediaType><con:status>200</con:status><con:params/><con:element xmlns:save="http://localhost/mypetpro/rest/cliente/save">save:Response</con:element></con:representation><con:request name="Request 1" id="815aa5c2-a7d6-45d4-9bb7-b202a27247ad" mediaType="application/x-www-form-urlencoded" postQueryString="true"><con:settings><con:setting id="com.eviware.soapui.impl.wsdl.WsdlRequest@request-headers">&lt;xml-fragment/></con:setting></con:settings><con:endpoint>http://localhost:8084</con:endpoint><con:request/><con:originalUri>http://localhost/mypetpro/rest/cliente/save</con:originalUri><con:credentials><con:authType>No Authorization</con:authType></con:credentials><con:jmsConfig JMSDeliveryMode="PERSISTENT"/><con:jmsPropertyConfig/><con:parameters>
  <con:entry key="tel1" value="4772023234"/>
  <con:entry key="apellidoPaterno" value="lolo"/>
  <con:entry key="tel2" value="4772023635"/>
  <con:entry key="estado" value="gto"/>
  <con:entry key="numero" value="450"/>
  <con:entry key="fechaNacimiento" value="2012-11-22"/>
  <con:entry key="calle" value="selisd"/>
  <con:entry key="nombre" value="richard bye"/>
  <con:entry key="cp" value="37500"/>
  <con:entry key="apellidoMaterno" value="Hernandez"/>
  <con:entry key="colonia" value="sdea"/>
  <con:entry key="ciudad" value="leon"/>
  <con:entry key="correo" value="simsu@dfd.com"/>
  <con:entry key="contrasenia" value="lolas45"/>
</con:parameters><con:parameterOrder><con:entry>nombre</con:entry><con:entry>apellidoPaterno</con:entry><con:entry>apellidoMaterno</con:entry><con:entry>fechaNacimiento</con:entry><con:entry>calle</con:entry><con:entry>numero</con:entry><con:entry>colonia</con:entry><con:entry>cp</con:entry><con:entry>ciudad</con:entry><con:entry>estado</con:entry><con:entry>tel1</con:entry><con:entry>tel2</con:entry><con:entry>correo</con:entry><con:entry>contrasenia</con:entry></con:parameterOrder></con:request></con:method></con:resource><con:resource name="Prueba Cliente save_Modificar" path="/mypetpro/rest/cliente/save" id="f90e35aa-8ee5-4d8b-93a1-37b6cba030d6"><con:settings/><con:parameters><con:parameter><con:name>apellidoPaterno</con:name><con:value/><con:style>QUERY</con:style><con:default/><con:description xsi:nil="true"/></con:parameter><con:parameter><con:name>fechaNacimiento</con:name><con:value/><con:style>QUERY</con:style><con:default/><con:description xsi:nil="true"/></con:parameter><con:parameter><con:name>calle</con:name><con:value/><con:style>QUERY</con:style><con:default/><con:description xsi:nil="true"/></con:parameter><con:parameter><con:name>numero</con:name><con:value/><con:style>QUERY</con:style><con:default/><con:description xsi:nil="true"/></con:parameter><con:parameter><con:name>colonia</con:name><con:value/><con:style>QUERY</con:style><con:default/><con:description xsi:nil="true"/></con:parameter><con:parameter><con:name>cp</con:name><con:value/><con:style>QUERY</con:style><con:default/><con:description xsi:nil="true"/></con:parameter><con:parameter><con:name>ciudad</con:name><con:value/><con:style>QUERY</con:style><con:default/><con:description xsi:nil="true"/></con:parameter><con:parameter><con:name>estado</con:name><con:value/><con:style>QUERY</con:style><con:default/><con:description xsi:nil="true"/></con:parameter><con:parameter><con:name>tel1</con:name><con:value/><con:style>QUERY</con:style><con:default/><con:description xsi:nil="true"/></con:parameter><con:parameter><con:name>tel2</con:name><con:value/><con:style>QUERY</con:style><con:default/><con:description xsi:nil="true"/></con:parameter><con:parameter><con:name>correo</con:name><con:value/><con:style>QUERY</con:style><con:default/><con:description xsi:nil="true"/></con:parameter><con:parameter><con:name>contrasenia</con:name><con:value/><con:style>QUERY</con:style><con:default/><con:description xsi:nil="true"/></con:parameter><con:parameter><con:name>nombre</con:name><con:value/><con:style>QUERY</con:style><con:default/><con:description xsi:nil="true"/></con:parameter><con:parameter><con:name>apellidoMaterno</con:name><con:value/><con:style>QUERY</con:style><con:default/><con:description xsi:nil="true"/></con:parameter><con:parameter><con:name>idCliente</con:name><con:value/><con:style>QUERY</con:style><con:default/><con:description xsi:nil="true"/></con:parameter><con:parameter><con:name>idPersona</con:name><con:value/><con:style>QUERY</con:style><con:default/><con:description xsi:nil="true"/></con:parameter></con:parameters><con:method name="Method 1" id="598d543b-9521-4459-8db2-7f73d40706da" method="POST"><con:settings/><con:parameters/><con:representation type="REQUEST"><con:mediaType>application/x-www-form-urlencoded</con:mediaType><con:params/></con:representation><con:representation type="RESPONSE"><con:mediaType>application/json</con:mediaType><con:status>200</con:status><con:params/><con:element xmlns:save="http://localhost/mypetpro/rest/cliente/save">save:Response</con:element></con:representation><con:representation type="FAULT"><con:mediaType>text/html;charset=utf-8</con:mediaType><con:status>405</con:status><con:params/><con:element>html</con:element></con:representation><con:request name="Request 1" id="e7516017-1f13-440f-9cf0-779f815ac1d7" mediaType="application/x-www-form-urlencoded" postQueryString="true"><con:settings><con:setting id="com.eviware.soapui.impl.wsdl.WsdlRequest@request-headers">&lt;xml-fragment/></con:setting></con:settings><con:endpoint>http://localhost:8084</con:endpoint><con:request/><con:originalUri>http://localhost/mypetpro/rest/cliente/save</con:originalUri><con:credentials><con:authType>No Authorization</con:authType></con:credentials><con:jmsConfig JMSDeliveryMode="PERSISTENT"/><con:jmsPropertyConfig/><con:parameters>
  <con:entry key="tel1" value="4771234567"/>
  <con:entry key="apellidoPaterno" value="de nazareth"/>
  <con:entry key="tel2" value="4771234567"/>
  <con:entry key="estado" value="gto"/>
  <con:entry key="numero" value="259"/>
  <con:entry key="fechaNacimiento" value="2001-12-15"/>
  <con:entry key="calle" value="sangoku"/>
  <con:entry key="nombre" value="moy"/>
  <con:entry key="cp" value="37569"/>
  <con:entry key="apellidoMaterno" value="agilera"/>
  <con:entry key="colonia" value="villas de chapal"/>
  <con:entry key="idCliente" value="4"/>
  <con:entry key="ciudad" value="leon"/>
  <con:entry key="correo" value="gg@df.com"/>
  <con:entry key="contrasenia" value="5963sa"/>
  <con:entry key="idPersona" value="4"/>
</con:parameters><con:parameterOrder><con:entry>idCliente</con:entry><con:entry>idPersona</con:entry><con:entry>nombre</con:entry><con:entry>apellidoPaterno</con:entry><con:entry>apellidoMaterno</con:entry><con:entry>fechaNacimiento</con:entry><con:entry>calle</con:entry><con:entry>numero</con:entry><con:entry>colonia</con:entry><con:entry>cp</con:entry><con:entry>ciudad</con:entry><con:entry>estado</con:entry><con:entry>tel1</con:entry><con:entry>tel2</con:entry><con:entry>correo</con:entry><con:entry>contrasenia</con:entry></con:parameterOrder></con:request></con:method></con:resource><con:resource name="Prueba Cliente delete" path="/mypetpro/rest/cliente/delete" id="b417b28b-5a24-43a3-b70c-df2467c01bf6"><con:settings/><con:parameters><con:parameter><con:name>idPersona</con:name><con:value/><con:style>QUERY</con:style><con:default/><con:description xsi:nil="true"/></con:parameter></con:parameters><con:method name="Method 1" id="89c39c66-fb19-4ca7-a34b-c1f32ef693aa" method="POST"><con:settings/><con:parameters/><con:representation type="REQUEST"><con:mediaType>application/x-www-form-urlencoded</con:mediaType><con:params/></con:representation><con:representation type="RESPONSE"><con:mediaType>application/json</con:mediaType><con:status>200</con:status><con:params/><con:element xmlns:del="http://localhost/mypetpro/rest/cliente/delete">del:Response</con:element></con:representation><con:request name="Request 1" id="a723b35c-84bf-4d6e-9e4b-e19987eccc7b" mediaType="application/x-www-form-urlencoded" postQueryString="true"><con:settings><con:setting id="com.eviware.soapui.impl.wsdl.WsdlRequest@request-headers">&lt;xml-fragment/></con:setting></con:settings><con:endpoint>http://localhost:8084</con:endpoint><con:request/><con:originalUri>http://localhost/mypetpro/rest/cliente/delete</con:originalUri><con:credentials><con:authType>No Authorization</con:authType></con:credentials><con:jmsConfig JMSDeliveryMode="PERSISTENT"/><con:jmsPropertyConfig/><con:parameters><entry key="idPersona" value="3" xmlns="http://eviware.com/soapui/config"/></con:parameters><con:parameterOrder><con:entry>idPersona</con:entry></con:parameterOrder></con:request></con:method></con:resource></con:interface><con:properties/><con:wssContainer/><con:oAuth2ProfileContainer/><con:oAuth1ProfileContainer/><con:sensitiveInformation/></con:soapui-project>